{
  "mse": 5744435.507924981,
  "r2": 0.790093850265023
}