{
  "mse": 5840591.797188298,
  "r2": 0.7659216461987236
}