{
  "mse": 5694286.924834002,
  "r2": 0.7919263185687875
}